Industry,Job_Postings,Average_Salary_K
Financial Analytics & Research,8,145.125
Internet,29,123.8103448275862
Investment Banking & Asset Management,5,118.4
Enterprise Software & Network Solutions,42,115.36904761904762
Computer Hardware & Software,59,115.19491525423729
Biotech & Pharmaceuticals,112,112.12053571428571
Insurance Agencies & Brokerages,6,109.25
Consulting,29,108.6896551724138
Staffing & Outsourcing,10,106.2
Insurance Carriers,63,105.62698412698413
Real Estate,8,104.75
Advertising & Marketing,25,104.3
IT Services,50,102.84
Colleges & Universities,16,102.6875
Aerospace & Defense,25,99.06
Consumer Products Manufacturing,20,95.35
Security Services,7,93.5
"Department, Clothing, & Shoe Stores",6,92.66666666666667
Lending,8,83.0
Federal Agencies,11,80.5
Energy,14,80.46428571428571
Religious Organizations,6,78.83333333333333
Research & Development,19,78.39473684210526
Health Care Services & Hospitals,49,77.06122448979592
Banks & Credit Unions,12,70.625
Travel Agencies,8,69.5
Food & Beverage Manufacturing,8,53.25
