Column,Missing_Values
FIELD4,742
Founded,50
Age,50
Rating,11
Job_Title,0
ID,0
Company_Name,0
Location,0
Headquarters,0
Salary_Estimate,0
Size,0
Type_of_ownership,0
Sector,0
Industry,0
Competitors,0
Hourly,0
Employer_provided,0
Revenue,0
Lower_Salary,0
Upper_Salary,0
company_txt,0
Avg_SalaryK,0
Job_Location,0
Python,0
spark,0
aws,0
excel,0
sql_,0
sas,0
keras,0
pytorch,0
scikit,0
tensor,0
hadoop,0
tableau,0
bi,0
flink,0
mongo,0
google_an,0
job_title_sim,0
seniority_by_title,0
Degree,0
