Rating,Job_Postings,Average_Salary_K
1.9,3,87.5
2.1,5,95.9
2.2,2,97.75
2.3,2,81.5
2.4,7,60.214285714285715
2.5,2,120.0
2.6,12,109.08333333333333
2.7,14,85.25
2.8,7,83.92857142857143
2.9,18,81.13888888888889
3.0,17,85.58823529411765
3.1,25,86.58
3.2,35,107.01428571428572
3.3,39,104.05128205128206
3.4,44,93.5
3.5,49,104.89795918367346
3.6,46,90.18478260869566
3.7,61,105.77868852459017
3.8,61,97.45901639344262
3.9,63,113.07142857142857
4.0,47,107.29787234042553
4.1,19,116.36842105263158
4.2,26,100.4423076923077
4.3,32,102.46875
4.4,33,108.60606060606061
4.5,7,117.71428571428571
4.6,10,97.25
4.7,31,103.98387096774194
4.8,9,80.27777777777777
5.0,5,134.7
