Revenue,Job_Postings,Average_Salary_K
Unknown / Non-Applicable,204,105.11029411764706
$10+ billion (USD),124,115.59274193548387
$100 to $500 million (USD),91,86.17032967032966
$1 to $2 billion (USD),60,104.53333333333333
$500 million to $1 billion (USD),57,86.99122807017544
$50 to $100 million (USD),46,102.56521739130434
$25 to $50 million (USD),40,82.8375
$2 to $5 billion (USD),39,95.44871794871794
$10 to $25 million (USD),32,101.59375
$5 to $10 billion (USD),19,94.1842105263158
$5 to $10 million (USD),18,126.11111111111111
$1 to $5 million (USD),8,119.3125
Less than $1 million (USD),4,108.625
