Job_Title,Job_Postings,Average_Minimum_Salary_K,Average_Maximum_Salary_K,Average_Salary_K
Data Scientist,131,81.00763358778626,131.35114503816794,106.1793893129771
Data Engineer,53,65.33962264150944,117.98113207547169,91.66037735849056
Senior Data Scientist,34,105.08823529411765,164.64705882352942,134.86764705882354
Data Analyst,15,46.86666666666667,85.73333333333333,66.3
Senior Data Engineer,14,85.85714285714286,158.0,121.92857142857143
Senior Data Analyst,12,60.0,106.83333333333333,83.41666666666667
Lead Data Scientist,8,127.375,195.125,161.25
Marketing Data Analyst,6,35.333333333333336,62.0,48.666666666666664
Sr. Data Engineer,6,81.0,149.0,115.0
Machine Learning Engineer,5,75.6,134.2,104.9
