Job_Location,Job_Postings,Average_Minimum_Salary_K,Average_Maximum_Salary_K,Average_Salary_K
CA,152,92.42763157894737,154.59868421052633,123.51315789473684
IL,40,88.35,144.975,116.6625
DC,11,88.63636363636364,131.72727272727272,110.18181818181819
MA,103,78.68932038834951,136.3009708737864,107.49514563106796
NJ,17,76.82352941176471,132.2941176470588,104.55882352941177
MI,6,77.0,123.5,100.25
RI,1,74.0,126.0,100.0
NY,72,72.125,125.18055555555556,98.65277777777777
NC,21,69.04761904761905,127.85714285714286,98.45238095238095
MD,35,68.31428571428572,126.4,97.35714285714286
KY,6,66.33333333333333,127.66666666666667,97.0
VA,41,70.02439024390245,121.21951219512195,95.6219512195122
UT,10,68.7,119.6,94.15
PA,33,67.0909090909091,120.63636363636364,93.86363636363636
WA,21,71.04761904761905,115.33333333333333,93.19047619047619
TX,28,68.35714285714286,117.0,92.67857142857143
OR,4,68.25,116.0,92.125
IN,10,64.0,116.6,90.3
TN,13,63.15384615384615,115.38461538461539,89.26923076923077
OH,14,62.857142857142854,112.28571428571429,87.57142857142857
KS,3,61.0,113.0,87.0
CO,11,64.27272727272727,108.0909090909091,86.18181818181819
AZ,9,65.77777777777777,105.55555555555556,85.66666666666667
MN,2,60.0,111.0,85.5
MO,9,59.666666666666664,109.77777777777777,84.72222222222223
GA,6,55.666666666666664,105.66666666666667,80.66666666666667
IA,5,56.4,101.4,78.9
FL,16,60.375,94.875,77.625
NM,3,55.0,93.66666666666667,74.33333333333333
WI,10,54.4,92.2,73.3
CT,5,57.6,84.6,71.1
SC,1,39.0,82.0,60.5
AL,8,40.875,75.0,57.9375
LA,4,40.25,75.0,57.625
DE,6,43.0,70.0,56.5
ID,2,39.5,73.0,56.25
NE,4,39.25,69.25,54.25
