Sector,Job_Postings,Average_Salary_K
Information Technology,180,113.19166666666666
Biotech & Pharmaceuticals,112,112.12053571428571
Business Services,97,97.70103092783505
Insurance,69,105.94202898550725
Health Care,49,77.06122448979592
Finance,42,98.03571428571429
Manufacturing,34,84.04411764705883
Aerospace & Defense,25,99.06
Education,23,100.73913043478261
Retail,15,99.66666666666667
"Oil, Gas, Energy & Utilities",14,80.46428571428571
Government,11,80.5
Non-Profit,9,68.61111111111111
Real Estate,8,104.75
Travel & Tourism,8,69.5
Transportation & Logistics,8,99.3125
Media,6,116.66666666666667
Telecommunications,6,102.33333333333333
